"product_id","name","description","created_at","is_archived","sku"
"d18492a1-b08c-4411-9b07-0dce076e6751","Men's Casual Sneakers","Stylish and comfortable casual sneakers designed for everyday wear. Features breathable fabric and cushioned sole.","2024-08-29 23:35:41.536009",False,"MCS042"
"3fb80769-6bb4-4e66-9f03-2f4524222b86","Men's Dress Shoes","Elegant dress shoes designed for formal occasions. Features leather upper and cushioned sole.","2024-06-29 04:30:28.520305",False,"MDS044"
"8f9a0603-42fb-458e-a21c-3e6c1e58b37d","Men's Boxer Shorts","Comfortable boxer shorts designed for sleep and lounging. Made from soft and breathable cotton.","2025-02-22 14:18:34.592898",False,"MBS054"
"ba6ffcf9-28d0-4030-af9f-9a7e698e932d","Men's Compression Shorts","Compression shorts designed to support muscles during workouts. Provides a snug fit for enhanced performance.","2024-09-23 08:20:42.887535",False,"MCS061"
"97fe9be0-dc12-42db-8ad3-bd050a31db27","Men's Casual Shorts","Stylish casual shorts designed for everyday wear. Made from soft and durable cotton.","2025-04-05 19:29:45.288251",False,"MCS063"
"dc72fc26-7c40-4a0d-bbb9-ba3413c59984","Men's Slippers","Comfortable slippers designed for indoor wear. Features soft and breathable fabric.","2024-11-08 00:29:55.493255",False,"MSL043"
"62ee8807-aae1-4feb-8261-db2d3b9333f8","Men's Sandals","Comfortable sandals designed for casual wear. Features adjustable straps and cushioned sole.","2025-01-29 15:50:08.019923",False,"MSA045"
"22f5698d-6798-4a8f-9de3-ac3f72ccbbe7","Men's Flip Flops","Lightweight and comfortable flip flops designed for casual wear. Features cushioned sole for support.","2025-03-23 05:29:32.573442",False,"MFF046"
"7ff6fe91-9096-4eaa-9ddf-e0f772c62c52","Men's Rain Boots","Waterproof rain boots designed for wet weather. Features grippy sole for traction.","2025-03-04 09:33:59.78055",False,"MRB048"
"a1724599-b1ff-44d3-bddf-2c7e3f488552","Men's Formal Suit","A classic formal suit designed for special occasions. Includes a jacket and pants made from premium wool blend.","2025-02-02 06:59:45.40995",False,"MFS049"
"c22697c2-3cab-433e-b795-d382550b11bf","Men's Blazer","A stylish blazer designed for both casual and formal occasions. Made from premium wool blend.","2024-06-06 18:05:47.03847",False,"MB050"
"171332da-5bd8-4def-9b30-1ad2e1531a66","Men's Dress Pants","Classic dress pants designed for formal occasions. Made from premium wool blend.","2024-07-11 05:41:53.076791",False,"MDP051"
"4ce15005-5060-41ed-992f-e2746ceb9586","Men's Sleepwear","Comfortable sleepwear set designed for a good night's sleep. Includes a shirt and pants made from soft cotton.","2024-07-07 18:12:02.098192",False,"MSW052"
"de51f93a-fa59-495a-8e83-ee7e23caa87a","Men's Thermal Underwear","Warm thermal underwear designed for cold weather. Made from soft and insulating fabric.","2025-04-02 20:06:39.926434",False,"MTU055"
"130ee3aa-f531-4830-aea1-cbaae988fe58","Men's Long Johns","Warm long johns designed for cold weather. Made from soft and insulating fabric.","2024-08-20 03:08:31.885901",False,"MLJ056"
"0d04fcf5-8637-4a74-859f-1ddc37da0685","Men's Work Gloves","Durable work gloves designed for protection and comfort. Features reinforced palms and breathable fabric.","2025-04-06 22:57:55.324189",False,"MWG057"
"26326fd2-8a84-44b2-8e69-0399614136b9","Men's Winter Gloves","Insulated winter gloves designed for cold weather. Features waterproof fabric and grippy palm.","2025-04-29 03:11:03.435752",False,"MWIG058"
"c2a73ca0-b476-4786-b8a0-03e4a9f29a61","Men's Athletic Shorts","Comfortable athletic shorts designed for intense workouts. Features moisture-wicking fabric to keep you dry.","2025-03-18 15:20:17.879051",False,"MAS060"
"c42a9bd4-8561-47df-9a03-cc91ed9d0ef7","Men's Board Shorts","Stylish board shorts designed for swimming and beachwear. Made from quick-drying fabric.","2024-08-02 13:31:06.848326",False,"MBS066"
"43dfa8f0-3cc8-4ba2-ac6a-babb2aca8d20","Women's Compression Socks","Compression socks designed to support muscles during workouts. Provides a snug fit for enhanced performance.","2025-03-07 22:51:21.082659",False,"WCS037"
"9e92c05f-4fc2-4644-85f4-e887b4349d27","Women's Hiking Socks","Durable hiking socks designed for outdoor adventures. Features cushioned sole for comfort and support.","2025-05-02 04:49:57.457946",False,"WHS038"
"33e238d4-b9cf-448e-b3ee-e97ec6edcede","Women's Dress Shoes","Elegant dress shoes designed for formal occasions. Features leather upper and cushioned sole.","2025-02-17 16:49:51.159837",False,"WDS044"
"59e032f8-65b3-458f-a502-bc20f10d9c48","Women's Sandals","Comfortable sandals designed for casual wear. Features adjustable straps and cushioned sole.","2024-11-14 17:35:51.229942",False,"WS045"
"e131a745-5ede-4ab2-82e8-46b7adfe536c","Women's Flip Flops","Lightweight and comfortable flip flops designed for casual wear. Features cushioned sole for support.","2024-09-14 17:54:59.201698",False,"WFF046"
"e5535c1f-45e3-479f-9027-79e5d59be8be","Women's Winter Boots","Insulated winter boots designed for cold weather. Features waterproof fabric and grippy sole.","2025-01-24 16:10:20.06408",False,"WWB047"
"92b3c347-c5f3-4890-915a-c362f6739d66","Women's Rain Boots","Waterproof rain boots designed for wet weather. Features grippy sole for traction.","2025-01-20 23:30:14.099757",False,"WRB048"
"bfe29938-e6e8-4870-938e-8373b00e14ec","Women's Sleepwear","Comfortable sleepwear set designed for a good night's sleep. Includes a shirt and pants made from soft cotton.","2025-03-21 05:04:42.294724",False,"WSW052"
"8aa85b30-6824-4102-9540-fdb79d1b4c7b","Women's Robe","A plush robe designed for relaxation and comfort. Made from soft and absorbent cotton.","2024-12-25 21:16:57.277221",False,"WR053"
"8f1cb271-8b90-42fa-94ca-dfe9b79b9ae7","Women's Dress Gloves","Elegant dress gloves designed for formal occasions. Made from soft and breathable leather.","2024-12-20 07:21:01.545422",False,"WDG059"
"8810e145-97ef-4a77-ba75-abfe8116f48d","Women's Running Shorts","Lightweight running shorts designed for comfort and performance. Features breathable fabric and built-in liner.","2024-09-17 20:14:59.889638",False,"WRS062"
"df87aeb2-87f8-4cb4-9974-d015e5f58e0c","Women's Cargo Shorts","Practical cargo shorts designed for everyday wear. Features multiple pockets for storage.","2025-03-15 23:37:12.544337",False,"WCS064"
"99de85fb-ce17-4afb-9db2-95e65f07f1e4","Women's Swim Trunks","Comfortable swim trunks designed for swimming and beachwear. Made from quick-drying fabric.","2024-08-15 16:02:44.59085",False,"WST065"
"0efdbc1d-fb81-495c-b946-3c270b0ebdf1","Women's Running Shoes","Lightweight and breathable running shoes designed for comfort and performance. Features cushioned sole for support.","2024-07-19 18:09:23.524354",False,"WRS039"
"1686ee8a-7e0c-4f15-8fd6-4f0cc0287a49","Women's Trail Running Shoes","Durable trail running shoes designed for outdoor adventures. Features grippy sole for traction and support.","2024-09-09 03:42:55.323591",False,"WTRS040"
"c0b61fe3-d303-48e6-a6da-826c779fa15e","Women's Hiking Boots","Durable and comfortable hiking boots designed for outdoor adventures. Features waterproof fabric and grippy sole.","2025-04-20 16:43:20.131899",False,"WHB041"
"bb2a1caa-cf88-4c07-b469-545a06e45df9","Women's Boxer Shorts","Comfortable boxer shorts designed for sleep and lounging. Made from soft and breathable cotton.","2024-11-22 10:32:40.851191",False,"WBS054"
"0a50c36a-92cd-4628-af70-bfa95e24ae2e","Women's Compression Shorts","Compression shorts designed to support muscles during workouts. Provides a snug fit for enhanced performance.","2024-09-01 21:42:57.902857",False,"WCS061"
"0f0c4892-9c13-4f49-8db0-64f45c73ac72","Women's Casual Shorts","Stylish casual shorts designed for everyday wear. Made from soft and durable cotton.","2024-08-31 19:54:12.726972",False,"WCS063"
"bdff49f9-0d9d-41ad-9e09-a6f785d35a8d","Kids' Work Boots","Durable and comfortable work boots designed for long hours on the job. Features steel toe protection.","2024-11-16 22:51:56.601315",False,"KWB025"
"325e9c24-afe5-4bf4-ab10-0833680900de","Kids' Safety Shoes","Lightweight and breathable safety shoes with composite toe protection. Ideal for indoor work environments.","2024-06-05 21:41:09.94191",False,"KSS026"
"4e01dcf0-0596-486d-806e-ca28eb8594c2","Kids' Work Pants","Durable work pants designed for comfort and flexibility. Features multiple pockets for tools and accessories.","2024-06-05 05:52:19.644023",False,"KWP027"
"2b01d0ec-a3e2-4beb-ae25-84dfbdbab060","Kids' Work Jacket","A durable work jacket designed for outdoor work environments. Features water-resistant fabric and multiple pockets.","2024-08-09 18:52:56.251558",False,"KWJ029"
"73c776e8-e0a1-4940-85b7-c6aee9bf664d","Kids' Ankle Socks","Comfortable ankle socks designed for everyday wear. Made from soft and breathable cotton blend.","2025-03-31 06:54:12.580676",False,"KAS033"
"63c5949f-46aa-45c1-9476-520a08475b4c","Kids' Dress Socks","Elegant dress socks designed for formal occasions. Made from soft and breathable cotton blend.","2025-03-07 20:48:51.873279",False,"KDS035"
"4ea8d952-3a0a-4f4f-beef-6705130c9e1f","Kids' Casual Sneakers","Stylish and comfortable casual sneakers designed for everyday wear. Features breathable fabric and cushioned sole.","2024-09-10 03:22:25.3084",False,"KCS042"
"23cbf71a-000d-4947-a521-deaaba7b916f","Kids' Slippers","Comfortable slippers designed for indoor wear. Features soft and breathable fabric.","2024-06-02 10:07:19.065281",False,"KSL043"
"68010516-0a9d-4e26-8efe-d7910c5d66ac","Kids' Sandals","Comfortable sandals designed for casual wear. Features adjustable straps and cushioned sole.","2024-10-14 23:30:29.803725",False,"KS045"
"8c889a78-2cc8-4e6b-8ff5-ff7c74c5b58d","Kids' Work Shirt","A durable work shirt designed for comfort and flexibility. Features breathable fabric and multiple pockets.","2025-05-02 18:22:18.157861",False,"KWS028"
"a959c5bf-bb55-4343-a9ea-77f349f27707","Kids' Boxer Briefs","Comfortable boxer briefs designed for all-day wear. Made from soft and breathable cotton.","2024-12-08 06:18:57.300621",False,"KBB031"
"30e6917e-78d8-4610-8fd9-aae0b7568c91","Kids' Compression Socks","Compression socks designed to support muscles during workouts. Provides a snug fit for enhanced performance.","2024-09-07 17:12:00.978191",False,"KCS037"
"68eecf49-21b6-42bc-965a-6c8b726e1dc0","Kids' Hiking Socks","Durable hiking socks designed for outdoor adventures. Features cushioned sole for comfort and support.","2024-12-14 07:49:09.098313",False,"KHS038"
"7bb42aa9-9d9b-4019-80f3-77f3bab02d4f","Kids' Dress Shoes","Elegant dress shoes designed for formal occasions. Features leather upper and cushioned sole.","2025-03-01 12:19:56.106491",False,"KDS044"
"9fcf825b-1208-4f4f-bb34-e3212439fee4","Kids' Flip Flops","Lightweight and comfortable flip flops designed for casual wear. Features cushioned sole for support.","2024-11-11 10:15:58.548552",False,"KFF046"
"52c9de84-dfef-4be6-ad73-0a8b5e25f7e9","Kids' Rain Boots","Waterproof rain boots designed for wet weather. Features grippy sole for traction.","2024-09-28 18:50:32.551991",False,"KRB048"
"b7616e49-f9e8-4696-a2ae-fe8bdcb24f55","Men's Classic Fit T-Shirt","A classic fit t-shirt perfect for everyday wear. Made from 100% cotton for comfort and durability.","2025-03-13 02:35:20.862615",False,"MCF001"
"54aaef2b-d26a-4624-9d02-0a0f750f8f0b","Men's Athletic Performance Tee","A high-performance t-shirt designed for intense workouts. Features moisture-wicking fabric to keep you dry and comfortable.","2025-02-21 14:11:20.611942",False,"MAPT002"
"02019951-6514-4f8d-8ea9-d0e253473f5f","Men's Formal Crew Neck T-Shirt","A stylish crew neck t-shirt perfect for formal occasions. Made from premium cotton for a smooth and elegant look.","2024-05-06 20:35:20.729254",False,"MFCN003"
"f9b7f676-5f39-42e7-94b2-72da37ec2435","Men's Casual V-Neck T-Shirt","A comfortable v-neck t-shirt ideal for casual outings. Soft and breathable fabric ensures all-day comfort.","2024-08-03 05:15:14.177603",False,"MCVN004"
"16fd140a-59be-4aec-9a5d-83b0ed729957","Men's Slim Fit T-Shirt","A slim fit t-shirt that offers a modern and sleek look. Perfect for both casual and semi-formal occasions.","2025-01-15 05:18:15.275468",False,"MSFT005"
"79c0e6be-d908-4e6c-920f-b9238911d79d","Men's Graphic Print T-Shirt","A trendy graphic print t-shirt that adds a stylish touch to your casual wardrobe. Made from soft cotton for comfort.","2024-05-17 02:01:55.428165",False,"MGPT006"
"260a62cd-6cf2-4f91-9952-1169e85a87ce","Men's Long Sleeve T-Shirt","A comfortable long sleeve t-shirt perfect for cooler weather. Made from soft and durable cotton.","2024-10-02 09:33:42.148924",False,"MLST007"
"d259090e-4474-47df-82b1-4dcfa6c5fe1f","Men's Polo T-Shirt","A classic polo t-shirt with a collar and button placket. Ideal for both casual and semi-formal occasions.","2024-06-27 19:54:15.552715",False,"MPT008"
"b8fe5055-9f83-4172-9e0e-d9dd39573580","Men's Raglan Sleeve T-Shirt","A stylish raglan sleeve t-shirt with contrasting sleeves. Perfect for a casual and sporty look.","2024-12-24 08:24:31.024242",False,"MRST009"
"37395930-9204-4e08-a509-b36114321de9","Men's Henley T-Shirt","A classic henley t-shirt with a button-up neckline. Ideal for a casual yet polished look.","2024-07-29 23:01:02.392118",False,"MHT010"
"556f05e6-828e-4e82-917b-2d09c06cd751","Men's Pocket T-Shirt","A casual t-shirt with a chest pocket for a classic look. Made from soft and breathable cotton.","2024-12-21 04:28:54.113898",False,"MPT011"
"155d3ac5-c186-4cc2-8ea1-1df253fcad6e","Men's Striped T-Shirt","A stylish striped t-shirt perfect for a casual yet trendy look. Made from soft and comfortable cotton.","2024-10-30 09:41:27.51994",False,"MST012"
"9fc5f4e3-9f92-4456-b9e0-f3b8d06cd58b","Men's Workout T-Shirt","A high-performance workout t-shirt designed for intense training sessions. Features moisture-wicking fabric to keep you dry.","2025-03-17 14:21:18.886419",False,"MWT013"
"bbe620d8-10c1-41fc-bcb8-b70683449657","Men's Compression T-Shirt","A compression t-shirt designed to support muscles during workouts. Provides a snug fit for enhanced performance.","2024-08-16 13:48:51.788617",False,"MCT014"
"8a63361b-0f29-4564-b39b-6f54badf7c40","Men's Quick-Dry T-Shirt","A quick-dry t-shirt perfect for high-intensity workouts. Keeps you cool and comfortable with its advanced fabric technology.","2024-10-08 17:58:37.280024",False,"MQDT015"
"779042b5-9b33-4152-9c3f-99d391419eda","Men's Running T-Shirt","A lightweight running t-shirt designed for comfort and performance. Features reflective details for safety during night runs.","2025-02-07 12:19:34.742171",False,"MRT016"
"5f65ffae-99c0-42a4-92f6-f99ec4be70fe","Men's Formal V-Neck T-Shirt","A elegant v-neck t-shirt perfect for formal occasions. Made from premium cotton for a refined look.","2024-05-25 06:33:30.713864",False,"MFVN017"
"4eded604-8a97-4376-b135-d3d3cde25975","Men's Sleeveless T-Shirt","A sleeveless t-shirt perfect for hot weather or intense workouts. Made from breathable and lightweight fabric.","2025-01-01 15:14:41.934238",False,"MST018"
"e081ad71-c105-411c-9400-6bf48f62eb11","Men's Muscle T-Shirt","A muscle t-shirt designed to showcase your physique. Perfect for workouts or casual wear.","2024-11-29 15:56:34.263416",False,"MMT019"
"88396672-d1a2-4b53-b0b8-58a0b4498ff0","Men's Tank Top","A stylish tank top perfect for casual wear or workouts. Made from soft and breathable cotton.","2024-07-22 16:21:20.196396",False,"MTT020"
"73c3d7e2-c369-46f1-a4b2-c42a3efc4b72","Men's Crew Neck T-Shirt","A classic crew neck t-shirt perfect for everyday wear. Made from soft and durable cotton.","2024-08-26 17:51:30.740063",False,"MCN021"
"ab4b3314-d245-4ac7-b8f7-64a1d5541684","Men's Short Sleeve Henley T-Shirt","A short sleeve henley t-shirt with a button-up neckline. Perfect for a casual yet polished look.","2025-02-28 23:13:53.877023",False,"MSHT022"
"3667721b-7010-4dc1-8567-a4c232db5657","Men's Long Sleeve Henley T-Shirt","A long sleeve henley t-shirt with a button-up neckline. Ideal for cooler weather and a casual look.","2024-08-10 22:40:18.6343",False,"MLHT023"
"5ed00fa0-2cc9-4cfc-8509-10a6d9900c02","Men's Graphic Print Crew Neck T-Shirt","A trendy graphic print crew neck t-shirt that adds a stylish touch to your casual wardrobe. Made from soft cotton for comfort.","2024-11-22 02:00:36.832049",False,"MGPCN024"
"e8cb7287-a335-4265-8ebc-2d8e2d75da82","Men's Work Boots","Durable and comfortable work boots designed for long hours on the job. Features steel toe protection.","2025-02-02 00:29:59.272845",False,"MWB025"
"1485e459-2834-4142-b49a-3931a3a82635","Men's Safety Shoes","Lightweight and breathable safety shoes with composite toe protection. Ideal for indoor work environments.","2025-01-13 20:27:01.716373",False,"MSS026"
"7706528d-d7df-467e-977d-27562a0e30ae","Men's Work Pants","Durable work pants designed for comfort and flexibility. Features multiple pockets for tools and accessories.","2024-08-26 23:14:13.943544",False,"MWP027"
"ff6cf50e-abfa-425e-b86d-dc340a9dc01d","Men's Work Shirt","A durable work shirt designed for comfort and flexibility. Features breathable fabric and multiple pockets.","2024-06-04 19:16:00.75399",False,"MWS028"
"f14e933c-556b-40ad-ad99-99fd0605ec78","Men's Work Jacket","A durable work jacket designed for outdoor work environments. Features water-resistant fabric and multiple pockets.","2024-06-15 02:52:12.911516",False,"MWJ029"
"4070065a-cd43-4301-a136-e0fd51d56516","Men's Pajama Set","A comfortable pajama set designed for a good night's sleep. Includes a shirt and pants made from soft cotton.","2025-04-05 21:14:17.401149",False,"MPS030"
"3623f561-9cb9-445f-8797-e42235f15592","Men's Boxer Briefs","Comfortable boxer briefs designed for all-day wear. Made from soft and breathable cotton.","2024-08-14 01:36:22.75176",False,"MBB031"
"c1b32a8d-e236-4120-b058-491741b4eaf0","Men's Briefs","Classic briefs designed for comfort and support. Made from soft and breathable cotton.","2024-05-29 05:54:39.308262",False,"MB032"
"bcd16de3-270d-4b80-b3ff-876888a9758d","Men's Ankle Socks","Comfortable ankle socks designed for everyday wear. Made from soft and breathable cotton blend.","2024-12-20 04:22:14.700995",False,"MAS033"
"3f08ed9e-ab7d-4d0b-a863-17d5a5989ba3","Men's Crew Socks","Classic crew socks designed for comfort and durability. Made from soft and breathable cotton blend.","2025-01-03 20:34:17.474857",False,"MCS034"
"71918bab-77a7-4de6-8a56-b33d9c0dffff","Men's Dress Socks","Elegant dress socks designed for formal occasions. Made from soft and breathable cotton blend.","2025-01-26 16:55:35.135843",False,"MDS035"
"8bfd9c6a-74c4-48e4-99ce-70d03039f6ef","Men's Athletic Socks","High-performance athletic socks designed for intense workouts. Features moisture-wicking fabric to keep you dry.","2025-02-17 23:26:11.676399",False,"MAS036"
"4684f70d-57f1-4df0-aa10-1cb921cb20cb","Men's Compression Socks","Compression socks designed to support muscles during workouts. Provides a snug fit for enhanced performance.","2025-03-28 14:43:28.386828",False,"MCS037"
"04448f56-7845-4955-8a13-db3481c4f95a","Men's Hiking Socks","Durable hiking socks designed for outdoor adventures. Features cushioned sole for comfort and support.","2024-08-20 19:28:27.935561",False,"MHS038"
"3674331b-fd2f-48b5-8296-e997f79103f0","Men's Running Shoes","Lightweight and breathable running shoes designed for comfort and performance. Features cushioned sole for support.","2025-02-03 19:04:14.759611",False,"MRS039"
"7323dd01-e23a-4e60-8b33-cc1ffc777a22","Men's Trail Running Shoes","Durable trail running shoes designed for outdoor adventures. Features grippy sole for traction and support.","2025-01-16 16:48:24.720752",False,"MTRS040"
"6c3644e4-2b67-4412-a3c1-7538fe79015e","Men's Hiking Boots","Durable and comfortable hiking boots designed for outdoor adventures. Features waterproof fabric and grippy sole.","2024-08-08 09:53:14.00458",False,"MHB041"
"84136c18-bb23-4504-b572-4b59dfe8b882","Men's Winter Boots","Insulated winter boots designed for cold weather. Features waterproof fabric and grippy sole.","2025-02-04 08:03:16.161781",False,"MWB047"
"dba7f7db-3f72-4d68-8727-55635bc38da7","Men's Robe","A plush robe designed for relaxation and comfort. Made from soft and absorbent cotton.","2025-04-23 22:06:55.81906",False,"MR053"
"41ac718c-4618-443e-82c1-4db64f0a938c","Men's Dress Gloves","Elegant dress gloves designed for formal occasions. Made from soft and breathable leather.","2025-01-11 04:09:13.670264",False,"MDG059"
"94ee8c34-345a-46e1-8198-1e0b3bce303d","Men's Running Shorts","Lightweight running shorts designed for comfort and performance. Features breathable fabric and built-in liner.","2024-09-17 12:12:24.524207",False,"MRS062"
"27c918bf-eb80-4ba2-a45e-e14dadc3bc5f","Men's Cargo Shorts","Practical cargo shorts designed for everyday wear. Features multiple pockets for storage.","2025-01-05 14:05:41.719048",False,"MCS064"
"4ba96c59-dccc-4ff7-a824-0f139c76d5d5","Men's Swim Trunks","Comfortable swim trunks designed for swimming and beachwear. Made from quick-drying fabric.","2024-05-22 05:53:59.527076",False,"MST065"
"a7fae212-494d-442e-ad95-72cac6cd90bc","Women's Classic Fit T-Shirt","A classic fit t-shirt perfect for everyday wear. Made from 100% cotton for comfort and durability.","2024-10-26 16:02:35.341073",False,"WCF001"
"b0d909a2-ea71-453b-8468-edda64e0181e","Women's Athletic Performance Tee","A high-performance t-shirt designed for intense workouts. Features moisture-wicking fabric to keep you dry and comfortable.","2025-04-17 19:43:49.492066",False,"WAPT002"
"f26c61a0-16a9-4e82-8aac-16280cfe5059","Women's Formal Blouse","A stylish blouse perfect for formal occasions. Made from premium silk for a smooth and elegant look.","2024-08-15 00:10:43.932614",False,"WFB003"
"2f1f0ffc-6474-481b-80bc-fbafc893a719","Women's Casual V-Neck T-Shirt","A comfortable v-neck t-shirt ideal for casual outings. Soft and breathable fabric ensures all-day comfort.","2025-01-04 14:51:54.861695",False,"WCVN004"
"29774e95-0b91-478a-87e1-2f62ccc4f832","Women's Slim Fit T-Shirt","A slim fit t-shirt that offers a modern and sleek look. Perfect for both casual and semi-formal occasions.","2024-05-07 21:39:42.215771",False,"WSFT005"
"6fe49dcb-3ebc-456e-8cdd-063dee91c977","Women's Graphic Print T-Shirt","A trendy graphic print t-shirt that adds a stylish touch to your casual wardrobe. Made from soft cotton for comfort.","2025-01-19 12:57:48.491779",False,"WGPT006"
"4f39564a-f7fa-4b28-ac50-2b2305f11b7e","Women's Long Sleeve T-Shirt","A comfortable long sleeve t-shirt perfect for cooler weather. Made from soft and durable cotton.","2024-11-24 22:51:47.472435",False,"WLST007"
"ea18de7e-778e-49d0-a9ba-a8000947950d","Women's Polo T-Shirt","A classic polo t-shirt with a collar and button placket. Ideal for both casual and semi-formal occasions.","2024-05-23 20:16:11.242322",False,"WP008"
"d2ccb6ca-2820-4960-9bc9-cf359e39cec7","Women's Raglan Sleeve T-Shirt","A stylish raglan sleeve t-shirt with contrasting sleeves. Perfect for a casual and sporty look.","2024-08-31 13:23:21.619023",False,"WRST009"
"501e750b-60ae-4375-a810-f4838870781d","Women's Henley T-Shirt","A classic henley t-shirt with a button-up neckline. Ideal for a casual yet polished look.","2025-03-18 21:28:59.873373",False,"WH010"
"ba2bc253-34ff-4a0f-9dcf-1f68c2b26c6e","Women's Pocket T-Shirt","A casual t-shirt with a chest pocket for a classic look. Made from soft and breathable cotton.","2024-09-09 05:46:33.189534",False,"WP011"
"94379d03-de8d-40db-a9f7-7f67c006268a","Women's Striped T-Shirt","A stylish striped t-shirt perfect for a casual yet trendy look. Made from soft and comfortable cotton.","2024-05-09 00:52:23.577251",False,"WST012"
"6cd786bb-8479-4aaf-88f3-61fed33927ca","Women's Workout T-Shirt","A high-performance workout t-shirt designed for intense training sessions. Features moisture-wicking fabric to keep you dry.","2024-09-06 06:14:23.971659",False,"WWT013"
"effd554f-e528-4412-8b0d-15dea113782b","Women's Compression T-Shirt","A compression t-shirt designed to support muscles during workouts. Provides a snug fit for enhanced performance.","2025-02-19 13:52:17.007254",False,"WCT014"
"f9dfbac1-6018-4e5f-a87d-6d16564f8e98","Women's Quick-Dry T-Shirt","A quick-dry t-shirt perfect for high-intensity workouts. Keeps you cool and comfortable with its advanced fabric technology.","2025-03-20 16:43:21.212055",False,"WQDT015"
"ae3c6ccd-fe54-469c-99f9-2e1808b62360","Women's Running T-Shirt","A lightweight running t-shirt designed for comfort and performance. Features reflective details for safety during night runs.","2024-12-25 06:11:13.606338",False,"WRT016"
"c5eeef97-96d9-4b27-b638-7cbac839dedb","Women's Formal V-Neck Blouse","A elegant v-neck blouse perfect for formal occasions. Made from premium silk for a refined look.","2024-08-27 09:10:37.631244",False,"WFVN017"
"252e3ee3-ff43-47ec-a47f-ddd7921a2ea8","Women's Sleeveless T-Shirt","A sleeveless t-shirt perfect for hot weather or intense workouts. Made from breathable and lightweight fabric.","2024-10-24 01:34:10.526231",False,"WST018"
"9ab4d40d-cdf0-45b7-ac21-05cd3414773f","Women's Muscle T-Shirt","A muscle t-shirt designed to showcase your physique. Perfect for workouts or casual wear.","2024-08-30 14:48:29.597425",False,"WMT019"
"89760c5e-62f1-460c-9b44-db467bb393eb","Women's Tank Top","A stylish tank top perfect for casual wear or workouts. Made from soft and breathable cotton.","2025-05-04 12:39:08.800006",False,"WT020"
"7e07d98e-97f8-44f7-bc5b-7724d8a2af43","Women's Crew Neck T-Shirt","A classic crew neck t-shirt perfect for everyday wear. Made from soft and durable cotton.","2025-01-11 06:56:47.817077",False,"WCNT021"
"b9644037-c4cd-42d6-8b46-537c35d0c24a","Women's Short Sleeve Henley T-Shirt","A short sleeve henley t-shirt with a button-up neckline. Perfect for a casual yet polished look.","2024-09-24 13:10:44.54136",False,"WSSHT022"
"193b068e-1182-4f27-a0a2-a2415fc7ec55","Women's Long Sleeve Henley T-Shirt","A long sleeve henley t-shirt with a button-up neckline. Ideal for cooler weather and a casual look.","2025-05-02 08:32:28.228933",False,"WLHT023"
"f5a133ad-7b63-49b1-a751-413ab080ad54","Women's Graphic Print Crew Neck T-Shirt","A trendy graphic print crew neck t-shirt that adds a stylish touch to your casual wardrobe. Made from soft cotton for comfort.","2024-08-14 00:08:20.034056",False,"WGPCNT024"
"6bdbbdea-b5e5-4376-a443-e8fc79612af1","Women's Work Boots","Durable and comfortable work boots designed for long hours on the job. Features steel toe protection.","2024-10-21 08:39:13.012795",False,"WWB025"
"a2c37e8f-db1f-4296-bfbf-805dfe591fed","Women's Safety Shoes","Lightweight and breathable safety shoes with composite toe protection. Ideal for indoor work environments.","2024-08-14 14:48:58.292531",False,"WSS026"
"ddd5c1e3-edc7-49f7-b62c-2a520f4406fb","Women's Work Pants","Durable work pants designed for comfort and flexibility. Features multiple pockets for tools and accessories.","2024-12-03 13:12:33.23389",False,"WWP027"
"74304c23-b631-4e3a-a76e-6e862ffdc859","Women's Work Shirt","A durable work shirt designed for comfort and flexibility. Features breathable fabric and multiple pockets.","2024-05-23 19:16:11.297059",False,"WWS028"
"6c2afb93-1ede-4d8a-87ac-7bec3b55a15a","Women's Work Jacket","A durable work jacket designed for outdoor work environments. Features water-resistant fabric and multiple pockets.","2024-08-05 11:38:38.563486",False,"WWJ029"
"5442a234-a8c7-4563-ae3b-adfb8acb6f77","Women's Pajama Set","A comfortable pajama set designed for a good night's sleep. Includes a shirt and pants made from soft cotton.","2025-01-20 06:22:39.639035",False,"WPJS030"
"5e7a7d25-6e3f-471b-a0fe-05c027cf14df","Women's Boxer Briefs","Comfortable boxer briefs designed for all-day wear. Made from soft and breathable cotton.","2025-02-12 22:27:42.446409",False,"WBB031"
"8235cb8b-74c1-409a-9607-566974f73a4f","Women's Briefs","Classic briefs designed for comfort and support. Made from soft and breathable cotton.","2025-01-18 09:49:07.573274",False,"WB032"
"07661481-11a4-4144-a488-db02acafdc72","Women's Ankle Socks","Comfortable ankle socks designed for everyday wear. Made from soft and breathable cotton blend.","2024-07-31 22:06:20.672892",False,"WAS033"
"b54a523e-8c3e-48ad-9c8b-ad786651e7cf","Women's Crew Socks","Classic crew socks designed for comfort and durability. Made from soft and breathable cotton blend.","2025-03-12 00:28:13.945149",False,"WCS034"
"ec842ef3-7f40-4765-bb30-36337813e9c0","Women's Dress Socks","Elegant dress socks designed for formal occasions. Made from soft and breathable cotton blend.","2024-06-21 02:27:03.007612",False,"WDS035"
"2f87ed1f-a469-44ca-9139-15f40e87cec4","Women's Athletic Socks","High-performance athletic socks designed for intense workouts. Features moisture-wicking fabric to keep you dry.","2024-07-18 05:57:14.184714",False,"WAS036"
"7956b013-3d92-40d6-8dff-22f101208b7a","Women's Casual Sneakers","Stylish and comfortable casual sneakers designed for everyday wear. Features breathable fabric and cushioned sole.","2024-09-01 21:03:17.851201",False,"WCS042"
"f303a5e5-1b0a-49de-9f7f-76ad22454291","Women's Slippers","Comfortable slippers designed for indoor wear. Features soft and breathable fabric.","2024-12-18 00:13:23.757088",False,"WSL043"
"2148b254-5104-4ff5-b911-16279aa3d46c","Women's Formal Suit","A classic formal suit designed for special occasions. Includes a jacket and pants made from premium wool blend.","2024-11-06 22:08:50.993643",False,"WFS049"
"9ba0fddd-c286-4349-ad70-38ab09765308","Women's Blazer","A stylish blazer designed for both casual and formal occasions. Made from premium wool blend.","2024-10-07 04:26:37.913727",False,"WB050"
"3963ef65-c59e-4508-810a-54a2744a3170","Women's Dress Pants","Classic dress pants designed for formal occasions. Made from premium wool blend.","2025-03-03 04:15:02.820133",False,"WDP051"
"de1e080b-9ed5-4a1b-9c9e-c356d4a4260a","Women's Thermal Underwear","Warm thermal underwear designed for cold weather. Made from soft and insulating fabric.","2025-02-26 10:59:01.301783",False,"WTU055"
"db88c997-1697-4173-9104-366811240e86","Women's Long Johns","Warm long johns designed for cold weather. Made from soft and insulating fabric.","2024-05-26 04:09:19.17206",False,"WLJ056"
"db987b08-6148-499d-9c70-d4edb27e94fc","Women's Work Gloves","Durable work gloves designed for protection and comfort. Features reinforced palms and breathable fabric.","2025-01-20 12:08:48.545422",False,"WWG057"
"7269178d-55b5-4315-bc70-f9aba92c6eec","Women's Winter Gloves","Insulated winter gloves designed for cold weather. Features waterproof fabric and grippy palm.","2024-05-09 15:22:51.457917",False,"WWIG058"
"7f59054d-f411-4ecb-ba96-8dd09a956a7a","Women's Athletic Shorts","Comfortable athletic shorts designed for intense workouts. Features moisture-wicking fabric to keep you dry.","2024-11-01 08:04:24.227929",False,"WAS060"
"0fc552fc-c46a-4088-8c56-35b7230d15ef","Women's Board Shorts","Stylish board shorts designed for swimming and beachwear. Made from quick-drying fabric.","2024-12-29 04:34:20.26293",False,"WBS066"
"20d27472-8340-415d-af30-46b3b87b97b3","Women's Ankle Socks with Lace","Comfortable ankle socks with lace detail designed for everyday wear. Made from soft and breathable cotton blend.","2024-11-10 00:17:13.378982",False,"WASL067"
"efff7607-75d0-40b1-b7cf-326e7af073b5","Women's Crew Socks with Stripes","Classic crew socks with stripes designed for comfort and durability. Made from soft and breathable cotton blend.","2025-03-13 17:43:04.36352",False,"WCSS068"
"608fb107-a31d-43af-95e8-09ea3b95bc72","Women's Knee-High Socks","Warm knee-high socks designed for cold weather. Made from soft and insulating fabric.","2024-09-09 09:30:00.467055",False,"WKHS069"
"bb48ec61-7597-4824-9642-3923a12bd0c2","Women's Athletic Socks with Cushion","High-performance athletic socks with cushioning designed for intense workouts. Features moisture-wicking fabric to keep you dry.","2024-07-26 07:16:10.86365",False,"WASC070"
"9c78b2c4-5c7e-482f-828c-300abdfcc86b","Women's Compression Socks with Arch Support","Compression socks with arch support designed to support muscles during workouts. Provides a snug fit for enhanced performance.","2024-07-22 22:10:17.616841",False,"WCSA071"
"9308fabe-8519-4753-8e07-6e871e3910ef","Women's No-Show Socks","Low-cut no-show socks designed to be invisible with shoes. Made from soft and breathable cotton blend.","2025-01-29 20:49:48.426757",False,"WNSS072"
"cbd12c83-01f5-480f-bd7d-610915882534","Kids' Classic Fit T-Shirt","A classic fit t-shirt perfect for everyday wear. Made from 100% cotton for comfort and durability.","2025-04-02 03:49:07.787484",False,"KCF001"
"c33bfa88-7ad6-4128-9edc-9c3c751a16ef","Kids' Athletic Performance Tee","A high-performance t-shirt designed for intense workouts. Features moisture-wicking fabric to keep you dry and comfortable.","2024-07-29 13:44:16.688518",False,"KAPT002"
"55ff3928-ae5d-4636-8a7b-41dd936bc813","Kids' Formal Crew Neck T-Shirt","A stylish crew neck t-shirt perfect for formal occasions. Made from premium cotton for a smooth and elegant look.","2025-02-09 00:01:33.892238",False,"KFCN003"
"c666e6e9-6317-4484-bdb1-8a84cdcac293","Kids' Casual V-Neck T-Shirt","A comfortable v-neck t-shirt ideal for casual outings. Soft and breathable fabric ensures all-day comfort.","2024-12-26 01:37:22.596185",False,"KCVN004"
"7c238838-cee0-471a-97af-764d1b09adbe","Kids' Slim Fit T-Shirt","A slim fit t-shirt that offers a modern and sleek look. Perfect for both casual and semi-formal occasions.","2025-01-25 20:43:11.867364",False,"KSFT005"
"8ad9f808-0c15-4e93-b83c-7d46e90a53c0","Kids' Graphic Print T-Shirt","A trendy graphic print t-shirt that adds a stylish touch to your casual wardrobe. Made from soft cotton for comfort.","2025-01-06 03:07:37.557584",False,"KGPT006"
"f56df592-060c-4bd6-9c0e-376baf641bb1","Kids' Long Sleeve T-Shirt","A comfortable long sleeve t-shirt perfect for cooler weather. Made from soft and durable cotton.","2024-06-21 17:52:09.158134",False,"KLST007"
"e057bcba-a512-493d-af2b-403a0ed95b23","Kids' Polo T-Shirt","A classic polo t-shirt with a collar and button placket. Ideal for both casual and semi-formal occasions.","2024-05-14 17:17:11.087164",False,"KPT008"
"16c133b4-b314-4171-b964-fe6332dfb300","Kids' Raglan Sleeve T-Shirt","A stylish raglan sleeve t-shirt with contrasting sleeves. Perfect for a casual and sporty look.","2024-08-04 16:44:40.960556",False,"KRST009"
"9f6531c1-65e6-4178-af60-50174c241e93","Kids' Henley T-Shirt","A classic henley t-shirt with a button-up neckline. Ideal for a casual yet polished look.","2024-07-15 20:37:45.440878",False,"KH010"
"9aa70c41-b5e6-4358-b8e8-81c0058cc7b9","Kids' Pocket T-Shirt","A casual t-shirt with a chest pocket for a classic look. Made from soft and breathable cotton.","2024-10-02 13:52:10.891037",False,"KPT011"
"8649d26c-e2e1-439f-852f-bb4e6c0e7e7c","Kids' Striped T-Shirt","A stylish striped t-shirt perfect for a casual yet trendy look. Made from soft and comfortable cotton.","2024-11-15 07:59:38.284326",False,"KST012"
"8a0db478-183d-4c17-b646-6bda3d566f5e","Kids' Workout T-Shirt","A high-performance workout t-shirt designed for intense training sessions. Features moisture-wicking fabric to keep you dry.","2025-04-13 10:15:29.491875",False,"KWT013"
"8a56acc1-6711-4b00-9db9-79088ff300dc","Kids' Compression T-Shirt","A compression t-shirt designed to support muscles during workouts. Provides a snug fit for enhanced performance.","2024-07-17 03:56:16.670107",False,"KCT014"
"d1bacf47-0321-4e6a-9d55-01f2c1df8231","Kids' Quick-Dry T-Shirt","A quick-dry t-shirt perfect for high-intensity workouts. Keeps you cool and comfortable with its advanced fabric technology.","2024-10-23 17:36:01.540737",False,"KQDT015"
"28b76390-9c0d-4343-868e-950f94c21b67","Kids' Running T-Shirt","A lightweight running t-shirt designed for comfort and performance. Features reflective details for safety during night runs.","2024-11-29 22:38:39.676856",False,"KRT016"
"fb407e2c-d70d-4c95-9abd-d0b3b083f18f","Kids' Formal V-Neck Blouse","An elegant v-neck blouse perfect for formal occasions. Made from premium silk for a refined look.","2024-08-11 15:41:26.174761",False,"KFVN017"
"d50ef663-33a5-41d8-82f7-ec874f9eaaf6","Kids' Sleeveless T-Shirt","A sleeveless t-shirt perfect for hot weather or intense workouts. Made from breathable and lightweight fabric.","2025-04-01 06:49:53.559246",False,"KST018"
"706dce72-62e4-48ba-957d-25bcea349c76","Kids' Muscle T-Shirt","A muscle t-shirt designed to showcase your physique. Perfect for workouts or casual wear.","2025-01-28 18:57:56.38701",False,"KMT019"
"254f8c22-f042-40e0-a16b-02d205d505ca","Kids' Tank Top","A stylish tank top perfect for casual wear or workouts. Made from soft and breathable cotton.","2025-04-23 04:04:06.564326",False,"KTT020"
"f0ccf7c2-e937-4be8-b22e-92c11cbf7aa6","Kids' Crew Neck T-Shirt","A classic crew neck t-shirt perfect for everyday wear. Made from soft and durable cotton.","2024-05-16 20:47:47.647374",False,"KCNT021"
"1f42e829-cd68-42be-8c52-baaa99b4e241","Kids' Short Sleeve Henley T-Shirt","A short sleeve henley t-shirt with a button-up neckline. Perfect for a casual yet polished look.","2025-03-09 01:35:31.181637",False,"KSSHT022"
"05fda86a-a4e4-47bc-b020-d219e3502a6c","Kids' Long Sleeve Henley T-Shirt","A long sleeve henley t-shirt with a button-up neckline. Ideal for cooler weather and a casual look.","2024-05-18 12:52:30.537032",False,"KLHT023"
"f7d1668e-5359-44b7-aa14-9cc54046450f","Kids' Graphic Print Crew Neck T-Shirt","A trendy graphic print crew neck t-shirt that adds a stylish touch to your casual wardrobe. Made from soft cotton for comfort.","2025-03-27 13:28:59.920149",False,"KGPCNT024"
"bc116b44-962b-4694-aa63-441ae4920a53","Kids' Pajama Set","A comfortable pajama set designed for a good night's sleep. Includes a shirt and pants made from soft cotton.","2024-05-24 18:43:33.256154",False,"KPS030"
"cfb5e342-d2a7-4f82-bee4-c7617d5a5b24","Kids' Briefs","Classic briefs designed for comfort and support. Made from soft and breathable cotton.","2024-10-01 00:43:19.344227",False,"KB032"
"9370b623-b67e-4f28-9d34-576303003acc","Kids' Crew Socks","Classic crew socks designed for comfort and durability. Made from soft and breathable cotton blend.","2024-07-18 21:26:34.664678",False,"KCS034"
"7e2710a7-dba7-46c8-ac8a-27d2c65c8318","Kids' Athletic Socks","High-performance athletic socks designed for intense workouts. Features moisture-wicking fabric to keep you dry.","2024-12-30 06:40:32.939733",False,"KAS036"
"094e7962-8ca8-4ef1-b655-d028829e4f61","Kids' Running Shoes","Lightweight and breathable running shoes designed for comfort and performance. Features cushioned sole for support.","2024-11-15 13:29:47.374334",False,"KRS039"
"2196f208-6dba-4eef-add5-3abeb75f9881","Kids' Trail Running Shoes","Durable trail running shoes designed for outdoor adventures. Features grippy sole for traction and support.","2024-11-19 02:22:06.807411",False,"KTRS040"
"99633744-35d4-4327-a1ea-beda2109b33a","Kids' Hiking Boots","Durable and comfortable hiking boots designed for outdoor adventures. Features waterproof fabric and grippy sole.","2024-07-08 10:44:21.100458",False,"KHB041"
"093a3277-7f5a-4c2f-942b-17aa737c1f43","Kids' Winter Boots","Insulated winter boots designed for cold weather. Features waterproof fabric and grippy sole.","2025-02-22 21:27:14.838901",False,"KWB047"
